https://phpvalu.com,✅ Link is safe.,2025-02-21 11:16:34
https://tarjan.hu,✅ Link is safe.,2025-02-21 11:20:34
https://tarjan.hu,✅ Link is safe.,2025-02-21 11:25:31
https://tarjan.hu,✅ Link is safe.,2025-02-21 11:25:57
https://tarjan.hu,⚠️ Warning: Potentially Malicious/Phishing Link Detected! (Detection rate: 2/96),2025-02-21 11:27:19
https://capitalqubit.com,✅ Link appears safe (Detection rate: 0/N/A),2025-02-21 11:27:42
https://tarolv.com,⚠️ Warning: Potentially Malicious/Phishing Link Detected! (Detection rate: 8/96),2025-02-21 11:28:13
https://tarolv.com,⚠️ Warning: Potentially Malicious/Phishing Link Detected! (Detection rate: 8/96),2025-02-21 11:49:48
https://tarolv.com,⚠️ Warning: Potentially Malicious/Phishing Link Detected! (Detection rate: 8/96),2025-02-21 11:49:49
https://qubitcapital.pro,✅ Link appears safe (Detection rate: 0/N/A),2025-02-21 12:00:53
https://tarolv.com,⚠️ Warning: Potentially Malicious/Phishing Link Detected! (Detection rate: 8/96),2025-02-21 12:15:01
